DISTRITO,temp_promedio_total
MORONA,2.3008980283257685
YAGUAS,2.3005027949892245
RAMON CASTILLA,2.2972546548045156
SAN PABLO,2.2934505008627304
PASTAZA,2.2919819599873312
PEBAS,2.287897277333106
LAS AMAZONAS,2.2814834299395157
IQUITOS,2.2780908203125003
PUTUMAYO,2.277923931782472
INDIANA,2.2761414683948864
YAVARI,2.274757087886461
LAGUNAS,2.2745656738281252
PUNCHANA,2.271770157724057
NAUTA,2.2706025523190045
URARINAS,2.269943167892157
