DISTRITO,temp_promedio_total
CAPAZO,-0.5191071134000211
SUSAPAYA,-0.5157803344726564
TARATA,-0.499573587690081
SANTA ROSA,-0.4861880077015271
TICACO,-0.441739467274059
SAN ANTONIO DE CHUCA,-0.43903056804950424
CANDARAVE,-0.4359306534476902
CONDOROMA,-0.41229465060763887
PARATIA,-0.40945749136117787
CARUMAS,-0.3411974711357793
SAN JUAN DE TARUCANI,-0.3343182144165039
TUTI,-0.3258119038173131
PISACOMA,-0.32487246889056587
AJOYANI,-0.3141027245154747
SANTA LUCIA,-0.3063949867531105
